Wins,diff_text_success,goals_aginest,goals_for_GF,losses,name,ot_losses,url,win_percent,year
43,,210.0,228.0,29.0,San Jose Sharks,10.0,https://www.scrapethissite.com/pages/forms/?page_num=24,0.524,2011.0
49,,165.0,210.0,22.0,St. Louis Blues,11.0,https://www.scrapethissite.com/pages/forms/?page_num=24,0.598,2011.0
38,,281.0,235.0,36.0,Tampa Bay Lightning,8.0,https://www.scrapethissite.com/pages/forms/?page_num=24,0.463,2011.0
35,,264.0,231.0,37.0,Toronto Maple Leafs,10.0,https://www.scrapethissite.com/pages/forms/?page_num=24,0.427,2011.0
51,,198.0,249.0,22.0,Vancouver Canucks,9.0,https://www.scrapethissite.com/pages/forms/?page_num=24,0.622,2011.0
42,,230.0,222.0,32.0,Washington Capitals,8.0,https://www.scrapethissite.com/pages/forms/?page_num=24,0.512,2011.0
37,,246.0,225.0,35.0,Winnipeg Jets,10.0,https://www.scrapethissite.com/pages/forms/?page_num=24,0.451,2011.0
42,,255.0,256.0,32.0,Vancouver Canucks,8.0,https://www.scrapethissite.com/pages/forms/?page_num=17,0.512,2005.0
29,,306.0,237.0,41.0,Washington Capitals,12.0,https://www.scrapethissite.com/pages/forms/?page_num=17,0.354,2005.0
48,,208.0,258.0,20.0,Anaheim Ducks,14.0,https://www.scrapethissite.com/pages/forms/?page_num=17,0.585,2006.0
43,,233.0,244.0,30.0,Colorado Avalanche,9.0,https://www.scrapethissite.com/pages/forms/?page_num=21,0.524,2009.0
37,,254.0,237.0,31.0,Dallas Stars,14.0,https://www.scrapethissite.com/pages/forms/?page_num=21,0.451,2009.0
44,,216.0,229.0,24.0,Detroit Red Wings,14.0,https://www.scrapethissite.com/pages/forms/?page_num=21,0.537,2009.0
54,,185.0,262.0,19.0,Vancouver Canucks,9.0,https://www.scrapethissite.com/pages/forms/?page_num=23,0.659,2010.0
48,,197.0,224.0,23.0,Washington Capitals,11.0,https://www.scrapethissite.com/pages/forms/?page_num=23,0.585,2010.0
34,,231.0,204.0,36.0,Anaheim Ducks,12.0,https://www.scrapethissite.com/pages/forms/?page_num=23,0.415,2011.0
47,,246.0,277.0,24.0,Pittsburgh Penguins,11.0,https://www.scrapethissite.com/pages/forms/?page_num=18,0.573,2006.0
51,,199.0,258.0,26.0,San Jose Sharks,5.0,https://www.scrapethissite.com/pages/forms/?page_num=18,0.622,2006.0
34,,254.0,214.0,35.0,St. Louis Blues,13.0,https://www.scrapethissite.com/pages/forms/?page_num=18,0.415,2006.0
44,,261.0,253.0,33.0,Tampa Bay Lightning,5.0,https://www.scrapethissite.com/pages/forms/?page_num=18,0.537,2006.0
40,,269.0,258.0,31.0,Toronto Maple Leafs,11.0,https://www.scrapethissite.com/pages/forms/?page_num=18,0.488,2006.0
49,,201.0,222.0,26.0,Vancouver Canucks,7.0,https://www.scrapethissite.com/pages/forms/?page_num=18,0.598,2006.0
28,,286.0,235.0,40.0,Washington Capitals,14.0,https://www.scrapethissite.com/pages/forms/?page_num=18,0.341,2006.0
47,,191.0,205.0,27.0,Anaheim Ducks,8.0,https://www.scrapethissite.com/pages/forms/?page_num=18,0.573,2007.0
43,,245.0,246.0,28.0,Atlanta Thrashers,11.0,https://www.scrapethissite.com/pages/forms/?page_num=17,0.524,2006.0
35,,289.0,219.0,41.0,Boston Bruins,6.0,https://www.scrapethissite.com/pages/forms/?page_num=17,0.427,2006.0
53,,242.0,308.0,22.0,Buffalo Sabres,7.0,https://www.scrapethissite.com/pages/forms/?page_num=17,0.646,2006.0
43,,226.0,258.0,29.0,Calgary Flames,10.0,https://www.scrapethissite.com/pages/forms/?page_num=17,0.524,2006.0
40,,253.0,241.0,34.0,Carolina Hurricanes,8.0,https://www.scrapethissite.com/pages/forms/?page_num=17,0.488,2006.0
52,,239.0,281.0,24.0,Buffalo Sabres,6.0,https://www.scrapethissite.com/pages/forms/?page_num=16,0.634,2005.0
46,,200.0,218.0,25.0,Calgary Flames,11.0,https://www.scrapethissite.com/pages/forms/?page_num=16,0.561,2005.0
52,,260.0,294.0,22.0,Carolina Hurricanes,8.0,https://www.scrapethissite.com/pages/forms/?page_num=16,0.634,2005.0
35,,279.0,223.0,43.0,Columbus Blue Jackets,4.0,https://www.scrapethissite.com/pages/forms/?page_num=16,0.427,2005.0
26,,285.0,211.0,43.0,Chicago Blackhawks,13.0,https://www.scrapethissite.com/pages/forms/?page_num=16,0.317,2005.0
43,,257.0,283.0,30.0,Colorado Avalanche,9.0,https://www.scrapethissite.com/pages/forms/?page_num=16,0.524,2005.0
53,,218.0,265.0,23.0,Dallas Stars,6.0,https://www.scrapethissite.com/pages/forms/?page_num=16,0.646,2005.0
58,,209.0,305.0,16.0,Detroit Red Wings,8.0,https://www.scrapethissite.com/pages/forms/?page_num=16,0.707,2005.0
43,,229.0,245.0,29.0,Buffalo Sabres,10.0,https://www.scrapethissite.com/pages/forms/?page_num=22,0.524,2010.0
41,,237.0,250.0,29.0,Calgary Flames,12.0,https://www.scrapethissite.com/pages/forms/?page_num=22,0.5,2010.0
40,,239.0,236.0,31.0,Carolina Hurricanes,11.0,https://www.scrapethissite.com/pages/forms/?page_num=22,0.488,2010.0
34,,258.0,215.0,35.0,Columbus Blue Jackets,13.0,https://www.scrapethissite.com/pages/forms/?page_num=22,0.415,2010.0
27,,284.0,214.0,47.0,Edmonton Oilers,8.0,https://www.scrapethissite.com/pages/forms/?page_num=21,0.329,2009.0
32,,244.0,208.0,37.0,Florida Panthers,13.0,https://www.scrapethissite.com/pages/forms/?page_num=21,0.39,2009.0
46,,219.0,241.0,27.0,Los Angeles Kings,9.0,https://www.scrapethissite.com/pages/forms/?page_num=21,0.561,2009.0
38,,246.0,219.0,36.0,Minnesota Wild,8.0,https://www.scrapethissite.com/pages/forms/?page_num=21,0.463,2009.0
39,,223.0,217.0,33.0,Montreal Canadiens,10.0,https://www.scrapethissite.com/pages/forms/?page_num=21,0.476,2009.0
47,,225.0,225.0,29.0,Nashville Predators,6.0,https://www.scrapethissite.com/pages/forms/?page_num=21,0.573,2009.0
48,,191.0,222.0,27.0,New Jersey Devils,7.0,https://www.scrapethissite.com/pages/forms/?page_num=21,0.585,2009.0
34,,264.0,222.0,37.0,New York Islanders,11.0,https://www.scrapethissite.com/pages/forms/?page_num=21,0.415,2009.0
38,,218.0,222.0,33.0,New York Rangers,11.0,https://www.scrapethissite.com/pages/forms/?page_num=21,0.463,2009.0
49,,202.0,269.0,29.0,Boston Bruins,4.0,https://www.scrapethissite.com/pages/forms/?page_num=23,0.598,2011.0
39,,230.0,218.0,32.0,Buffalo Sabres,11.0,https://www.scrapethissite.com/pages/forms/?page_num=23,0.476,2011.0
37,,226.0,202.0,29.0,Calgary Flames,16.0,https://www.scrapethissite.com/pages/forms/?page_num=23,0.451,2011.0
33,,243.0,213.0,33.0,Carolina Hurricanes,16.0,https://www.scrapethissite.com/pages/forms/?page_num=23,0.402,2011.0
29,,262.0,202.0,46.0,Columbus Blue Jackets,7.0,https://www.scrapethissite.com/pages/forms/?page_num=23,0.354,2011.0
45,,238.0,248.0,26.0,Chicago Blackhawks,11.0,https://www.scrapethissite.com/pages/forms/?page_num=23,0.549,2011.0
41,,220.0,208.0,35.0,Colorado Avalanche,6.0,https://www.scrapethissite.com/pages/forms/?page_num=23,0.5,2011.0
42,,222.0,211.0,35.0,Dallas Stars,5.0,https://www.scrapethissite.com/pages/forms/?page_num=23,0.512,2011.0
48,,203.0,248.0,28.0,Detroit Red Wings,6.0,https://www.scrapethissite.com/pages/forms/?page_num=23,0.585,2011.0
34,,272.0,216.0,40.0,Atlanta Thrashers,8.0,https://www.scrapethissite.com/pages/forms/?page_num=18,0.415,2007.0
41,,222.0,212.0,29.0,Boston Bruins,12.0,https://www.scrapethissite.com/pages/forms/?page_num=18,0.5,2007.0
39,,242.0,255.0,31.0,Buffalo Sabres,12.0,https://www.scrapethissite.com/pages/forms/?page_num=18,0.476,2007.0
42,,227.0,229.0,30.0,Calgary Flames,10.0,https://www.scrapethissite.com/pages/forms/?page_num=18,0.512,2007.0
43,,249.0,252.0,33.0,Carolina Hurricanes,6.0,https://www.scrapethissite.com/pages/forms/?page_num=18,0.524,2007.0
34,,218.0,193.0,36.0,Columbus Blue Jackets,12.0,https://www.scrapethissite.com/pages/forms/?page_num=18,0.415,2007.0
40,,235.0,239.0,34.0,Chicago Blackhawks,8.0,https://www.scrapethissite.com/pages/forms/?page_num=18,0.488,2007.0
44,,219.0,231.0,31.0,Colorado Avalanche,7.0,https://www.scrapethissite.com/pages/forms/?page_num=18,0.537,2007.0
45,,207.0,242.0,30.0,Dallas Stars,7.0,https://www.scrapethissite.com/pages/forms/?page_num=18,0.549,2007.0
54,,184.0,257.0,21.0,Detroit Red Wings,7.0,https://www.scrapethissite.com/pages/forms/?page_num=18,0.659,2007.0
33,,249.0,201.0,42.0,Columbus Blue Jackets,7.0,https://www.scrapethissite.com/pages/forms/?page_num=17,0.402,2006.0
31,,258.0,201.0,42.0,Chicago Blackhawks,9.0,https://www.scrapethissite.com/pages/forms/?page_num=17,0.378,2006.0
44,,251.0,272.0,31.0,Colorado Avalanche,7.0,https://www.scrapethissite.com/pages/forms/?page_num=17,0.537,2006.0
50,,197.0,226.0,25.0,Dallas Stars,7.0,https://www.scrapethissite.com/pages/forms/?page_num=17,0.61,2006.0
50,,199.0,254.0,19.0,Detroit Red Wings,13.0,https://www.scrapethissite.com/pages/forms/?page_num=17,0.61,2006.0
41,,251.0,256.0,28.0,Edmonton Oilers,13.0,https://www.scrapethissite.com/pages/forms/?page_num=16,0.5,2005.0
37,,257.0,240.0,34.0,Florida Panthers,11.0,https://www.scrapethissite.com/pages/forms/?page_num=16,0.451,2005.0
42,,270.0,249.0,35.0,Los Angeles Kings,5.0,https://www.scrapethissite.com/pages/forms/?page_num=16,0.512,2005.0
38,,215.0,231.0,36.0,Minnesota Wild,8.0,https://www.scrapethissite.com/pages/forms/?page_num=16,0.463,2005.0
42,,247.0,243.0,31.0,Montreal Canadiens,9.0,https://www.scrapethissite.com/pages/forms/?page_num=16,0.512,2005.0
49,,227.0,259.0,25.0,Nashville Predators,8.0,https://www.scrapethissite.com/pages/forms/?page_num=16,0.598,2005.0
46,,229.0,242.0,27.0,New Jersey Devils,9.0,https://www.scrapethissite.com/pages/forms/?page_num=16,0.561,2005.0
36,,278.0,230.0,40.0,New York Islanders,6.0,https://www.scrapethissite.com/pages/forms/?page_num=16,0.439,2005.0
44,,215.0,257.0,26.0,New York Rangers,12.0,https://www.scrapethissite.com/pages/forms/?page_num=16,0.537,2005.0
52,,211.0,314.0,21.0,Ottawa Senators,9.0,https://www.scrapethissite.com/pages/forms/?page_num=16,0.634,2005.0
44,,225.0,258.0,29.0,Chicago Blackhawks,9.0,https://www.scrapethissite.com/pages/forms/?page_num=22,0.537,2010.0
30,,288.0,227.0,44.0,Colorado Avalanche,8.0,https://www.scrapethissite.com/pages/forms/?page_num=22,0.366,2010.0
42,,233.0,227.0,29.0,Dallas Stars,11.0,https://www.scrapethissite.com/pages/forms/?page_num=22,0.512,2010.0
47,,241.0,261.0,25.0,Detroit Red Wings,10.0,https://www.scrapethissite.com/pages/forms/?page_num=22,0.573,2010.0
25,,269.0,193.0,45.0,Edmonton Oilers,12.0,https://www.scrapethissite.com/pages/forms/?page_num=22,0.305,2010.0
44,,238.0,225.0,32.0,Ottawa Senators,6.0,https://www.scrapethissite.com/pages/forms/?page_num=21,0.537,2009.0
41,,225.0,236.0,35.0,Philadelphia Flyers,6.0,https://www.scrapethissite.com/pages/forms/?page_num=21,0.5,2009.0
50,,202.0,225.0,25.0,Phoenix Coyotes,7.0,https://www.scrapethissite.com/pages/forms/?page_num=21,0.61,2009.0
47,,237.0,257.0,28.0,Pittsburgh Penguins,7.0,https://www.scrapethissite.com/pages/forms/?page_num=21,0.573,2009.0
51,,215.0,264.0,20.0,San Jose Sharks,11.0,https://www.scrapethissite.com/pages/forms/?page_num=21,0.622,2009.0
40,,223.0,225.0,32.0,St. Louis Blues,10.0,https://www.scrapethissite.com/pages/forms/?page_num=21,0.488,2009.0
34,,260.0,217.0,36.0,Tampa Bay Lightning,12.0,https://www.scrapethissite.com/pages/forms/?page_num=21,0.415,2009.0
30,,267.0,214.0,38.0,Toronto Maple Leafs,14.0,https://www.scrapethissite.com/pages/forms/?page_num=21,0.366,2009.0
49,,222.0,272.0,28.0,Vancouver Canucks,5.0,https://www.scrapethissite.com/pages/forms/?page_num=21,0.598,2009.0
54,,233.0,318.0,15.0,Washington Capitals,13.0,https://www.scrapethissite.com/pages/forms/?page_num=21,0.659,2009.0
32,,239.0,212.0,40.0,Edmonton Oilers,10.0,https://www.scrapethissite.com/pages/forms/?page_num=23,0.39,2011.0
38,,227.0,203.0,26.0,Florida Panthers,18.0,https://www.scrapethissite.com/pages/forms/?page_num=23,0.463,2011.0
40,,179.0,194.0,27.0,Los Angeles Kings,15.0,https://www.scrapethissite.com/pages/forms/?page_num=23,0.488,2011.0
35,,226.0,177.0,36.0,Minnesota Wild,11.0,https://www.scrapethissite.com/pages/forms/?page_num=23,0.427,2011.0
31,,226.0,212.0,35.0,Montreal Canadiens,16.0,https://www.scrapethissite.com/pages/forms/?page_num=23,0.378,2011.0
41,,251.0,235.0,35.0,Edmonton Oilers,6.0,https://www.scrapethissite.com/pages/forms/?page_num=18,0.5,2007.0
38,,226.0,216.0,35.0,Florida Panthers,9.0,https://www.scrapethissite.com/pages/forms/?page_num=18,0.463,2007.0
32,,266.0,231.0,43.0,Los Angeles Kings,7.0,https://www.scrapethissite.com/pages/forms/?page_num=18,0.39,2007.0
44,,218.0,223.0,28.0,Minnesota Wild,10.0,https://www.scrapethissite.com/pages/forms/?page_num=18,0.537,2007.0
47,,222.0,262.0,25.0,Montreal Canadiens,10.0,https://www.scrapethissite.com/pages/forms/?page_num=18,0.573,2007.0
41,,229.0,230.0,32.0,Nashville Predators,9.0,https://www.scrapethissite.com/pages/forms/?page_num=18,0.5,2007.0
46,,197.0,206.0,29.0,New Jersey Devils,7.0,https://www.scrapethissite.com/pages/forms/?page_num=18,0.561,2007.0
32,,248.0,195.0,43.0,Edmonton Oilers,7.0,https://www.scrapethissite.com/pages/forms/?page_num=17,0.39,2006.0
35,,257.0,247.0,31.0,Florida Panthers,16.0,https://www.scrapethissite.com/pages/forms/?page_num=17,0.427,2006.0
27,,283.0,227.0,41.0,Los Angeles Kings,14.0,https://www.scrapethissite.com/pages/forms/?page_num=17,0.329,2006.0
45,,259.0,267.0,26.0,Philadelphia Flyers,11.0,https://www.scrapethissite.com/pages/forms/?page_num=16,0.549,2005.0
38,,271.0,246.0,39.0,Phoenix Coyotes,5.0,https://www.scrapethissite.com/pages/forms/?page_num=16,0.463,2005.0
22,,316.0,244.0,46.0,Pittsburgh Penguins,14.0,https://www.scrapethissite.com/pages/forms/?page_num=16,0.268,2005.0
44,,242.0,266.0,27.0,San Jose Sharks,11.0,https://www.scrapethissite.com/pages/forms/?page_num=16,0.537,2005.0
21,,292.0,197.0,46.0,St. Louis Blues,15.0,https://www.scrapethissite.com/pages/forms/?page_num=16,0.256,2005.0
43,,260.0,252.0,33.0,Tampa Bay Lightning,6.0,https://www.scrapethissite.com/pages/forms/?page_num=16,0.524,2005.0
41,,270.0,257.0,33.0,Toronto Maple Leafs,8.0,https://www.scrapethissite.com/pages/forms/?page_num=16,0.5,2005.0
30,,229.0,195.0,40.0,Florida Panthers,12.0,https://www.scrapethissite.com/pages/forms/?page_num=22,0.366,2010.0
46,,198.0,219.0,30.0,Los Angeles Kings,6.0,https://www.scrapethissite.com/pages/forms/?page_num=22,0.561,2010.0
47,,235.0,239.0,30.0,Anaheim Ducks,5.0,https://www.scrapethissite.com/pages/forms/?page_num=21,0.573,2010.0
34,,269.0,223.0,36.0,Atlanta Thrashers,12.0,https://www.scrapethissite.com/pages/forms/?page_num=21,0.415,2010.0
46,,195.0,246.0,25.0,Boston Bruins,11.0,https://www.scrapethissite.com/pages/forms/?page_num=21,0.561,2010.0
48,,210.0,237.0,26.0,Nashville Predators,8.0,https://www.scrapethissite.com/pages/forms/?page_num=23,0.585,2011.0
48,,209.0,228.0,28.0,New Jersey Devils,6.0,https://www.scrapethissite.com/pages/forms/?page_num=23,0.585,2011.0
34,,255.0,203.0,37.0,New York Islanders,11.0,https://www.scrapethissite.com/pages/forms/?page_num=23,0.415,2011.0
51,,187.0,226.0,24.0,New York Rangers,7.0,https://www.scrapethissite.com/pages/forms/?page_num=23,0.622,2011.0
41,,240.0,249.0,31.0,Ottawa Senators,10.0,https://www.scrapethissite.com/pages/forms/?page_num=23,0.5,2011.0
47,,232.0,264.0,26.0,Philadelphia Flyers,9.0,https://www.scrapethissite.com/pages/forms/?page_num=23,0.573,2011.0
48,,191.0,235.0,26.0,Minnesota Wild,8.0,https://www.scrapethissite.com/pages/forms/?page_num=17,0.585,2006.0
42,,256.0,245.0,34.0,Montreal Canadiens,6.0,https://www.scrapethissite.com/pages/forms/?page_num=17,0.512,2006.0
51,,212.0,272.0,23.0,Nashville Predators,8.0,https://www.scrapethissite.com/pages/forms/?page_num=17,0.622,2006.0
49,,201.0,216.0,24.0,New Jersey Devils,9.0,https://www.scrapethissite.com/pages/forms/?page_num=17,0.598,2006.0
40,,240.0,248.0,30.0,New York Islanders,12.0,https://www.scrapethissite.com/pages/forms/?page_num=17,0.488,2006.0
39,,233.0,206.0,35.0,Minnesota Wild,8.0,https://www.scrapethissite.com/pages/forms/?page_num=22,0.476,2010.0
44,,209.0,216.0,30.0,Montreal Canadiens,8.0,https://www.scrapethissite.com/pages/forms/?page_num=22,0.537,2010.0
44,,194.0,219.0,27.0,Nashville Predators,11.0,https://www.scrapethissite.com/pages/forms/?page_num=22,0.537,2010.0
38,,209.0,174.0,39.0,New Jersey Devils,5.0,https://www.scrapethissite.com/pages/forms/?page_num=22,0.463,2010.0
30,,264.0,229.0,39.0,New York Islanders,13.0,https://www.scrapethissite.com/pages/forms/?page_num=22,0.366,2010.0
44,,198.0,233.0,33.0,New York Rangers,5.0,https://www.scrapethissite.com/pages/forms/?page_num=22,0.537,2010.0
32,,250.0,192.0,40.0,Ottawa Senators,10.0,https://www.scrapethissite.com/pages/forms/?page_num=22,0.39,2010.0
47,,223.0,259.0,23.0,Philadelphia Flyers,12.0,https://www.scrapethissite.com/pages/forms/?page_num=22,0.573,2010.0
42,,204.0,216.0,27.0,Phoenix Coyotes,13.0,https://www.scrapethissite.com/pages/forms/?page_num=23,0.512,2011.0
51,,221.0,282.0,25.0,Pittsburgh Penguins,6.0,https://www.scrapethissite.com/pages/forms/?page_num=23,0.622,2011.0
35,,243.0,194.0,38.0,New York Islanders,9.0,https://www.scrapethissite.com/pages/forms/?page_num=19,0.427,2007.0
42,,199.0,213.0,27.0,New York Rangers,13.0,https://www.scrapethissite.com/pages/forms/?page_num=19,0.512,2007.0
43,,247.0,261.0,31.0,Ottawa Senators,8.0,https://www.scrapethissite.com/pages/forms/?page_num=19,0.524,2007.0
42,,216.0,242.0,30.0,New York Rangers,10.0,https://www.scrapethissite.com/pages/forms/?page_num=17,0.512,2006.0
48,,222.0,288.0,25.0,Ottawa Senators,9.0,https://www.scrapethissite.com/pages/forms/?page_num=17,0.585,2006.0
22,,303.0,214.0,48.0,Philadelphia Flyers,12.0,https://www.scrapethissite.com/pages/forms/?page_num=17,0.268,2006.0
31,,284.0,216.0,46.0,Phoenix Coyotes,5.0,https://www.scrapethissite.com/pages/forms/?page_num=17,0.378,2006.0
34,,234.0,207.0,37.0,Los Angeles Kings,11.0,https://www.scrapethissite.com/pages/forms/?page_num=20,0.415,2008.0
40,,200.0,219.0,33.0,Minnesota Wild,9.0,https://www.scrapethissite.com/pages/forms/?page_num=20,0.488,2008.0
43,,226.0,231.0,26.0,Phoenix Coyotes,13.0,https://www.scrapethissite.com/pages/forms/?page_num=22,0.524,2010.0
49,,199.0,238.0,25.0,Pittsburgh Penguins,8.0,https://www.scrapethissite.com/pages/forms/?page_num=22,0.598,2010.0
48,,213.0,248.0,25.0,San Jose Sharks,9.0,https://www.scrapethissite.com/pages/forms/?page_num=22,0.585,2010.0
38,,234.0,240.0,33.0,St. Louis Blues,11.0,https://www.scrapethissite.com/pages/forms/?page_num=22,0.463,2010.0
46,,240.0,247.0,25.0,Tampa Bay Lightning,11.0,https://www.scrapethissite.com/pages/forms/?page_num=22,0.561,2010.0
42,,233.0,248.0,29.0,Philadelphia Flyers,11.0,https://www.scrapethissite.com/pages/forms/?page_num=19,0.512,2007.0
38,,231.0,214.0,37.0,Phoenix Coyotes,7.0,https://www.scrapethissite.com/pages/forms/?page_num=19,0.463,2007.0
47,,216.0,247.0,27.0,Pittsburgh Penguins,8.0,https://www.scrapethissite.com/pages/forms/?page_num=19,0.573,2007.0
49,,193.0,222.0,23.0,San Jose Sharks,10.0,https://www.scrapethissite.com/pages/forms/?page_num=19,0.598,2007.0
33,,237.0,205.0,36.0,St. Louis Blues,13.0,https://www.scrapethissite.com/pages/forms/?page_num=19,0.402,2007.0
31,,267.0,223.0,42.0,Tampa Bay Lightning,9.0,https://www.scrapethissite.com/pages/forms/?page_num=19,0.378,2007.0
36,,260.0,231.0,35.0,Toronto Maple Leafs,11.0,https://www.scrapethissite.com/pages/forms/?page_num=19,0.439,2007.0
41,,247.0,249.0,30.0,Montreal Canadiens,11.0,https://www.scrapethissite.com/pages/forms/?page_num=20,0.5,2008.0
40,,233.0,213.0,34.0,Nashville Predators,8.0,https://www.scrapethissite.com/pages/forms/?page_num=20,0.488,2008.0
51,,209.0,244.0,27.0,New Jersey Devils,4.0,https://www.scrapethissite.com/pages/forms/?page_num=20,0.622,2008.0
26,,279.0,201.0,47.0,New York Islanders,9.0,https://www.scrapethissite.com/pages/forms/?page_num=20,0.317,2008.0
43,,218.0,210.0,30.0,New York Rangers,9.0,https://www.scrapethissite.com/pages/forms/?page_num=20,0.524,2008.0
37,,251.0,218.0,34.0,Toronto Maple Leafs,11.0,https://www.scrapethissite.com/pages/forms/?page_num=22,0.451,2010.0
39,,215.0,213.0,33.0,Vancouver Canucks,10.0,https://www.scrapethissite.com/pages/forms/?page_num=19,0.476,2007.0
43,,231.0,242.0,31.0,Washington Capitals,8.0,https://www.scrapethissite.com/pages/forms/?page_num=19,0.524,2007.0
36,,237.0,217.0,35.0,Ottawa Senators,11.0,https://www.scrapethissite.com/pages/forms/?page_num=20,0.439,2008.0
44,,238.0,264.0,27.0,Philadelphia Flyers,11.0,https://www.scrapethissite.com/pages/forms/?page_num=20,0.537,2008.0
36,,252.0,208.0,39.0,Phoenix Coyotes,7.0,https://www.scrapethissite.com/pages/forms/?page_num=20,0.439,2008.0
45,,239.0,264.0,28.0,Pittsburgh Penguins,9.0,https://www.scrapethissite.com/pages/forms/?page_num=20,0.549,2008.0
53,,204.0,257.0,18.0,San Jose Sharks,11.0,https://www.scrapethissite.com/pages/forms/?page_num=20,0.646,2008.0
41,,233.0,233.0,31.0,St. Louis Blues,10.0,https://www.scrapethissite.com/pages/forms/?page_num=20,0.5,2008.0
42,,238.0,245.0,33.0,Anaheim Ducks,7.0,https://www.scrapethissite.com/pages/forms/?page_num=19,0.512,2008.0
35,,280.0,257.0,41.0,Atlanta Thrashers,6.0,https://www.scrapethissite.com/pages/forms/?page_num=19,0.427,2008.0
53,,196.0,274.0,19.0,Boston Bruins,10.0,https://www.scrapethissite.com/pages/forms/?page_num=19,0.646,2008.0
41,,234.0,250.0,32.0,Buffalo Sabres,9.0,https://www.scrapethissite.com/pages/forms/?page_num=19,0.5,2008.0
46,,248.0,254.0,30.0,Calgary Flames,6.0,https://www.scrapethissite.com/pages/forms/?page_num=19,0.561,2008.0
24,,279.0,210.0,40.0,Tampa Bay Lightning,18.0,https://www.scrapethissite.com/pages/forms/?page_num=20,0.293,2008.0
34,,293.0,250.0,35.0,Toronto Maple Leafs,13.0,https://www.scrapethissite.com/pages/forms/?page_num=20,0.415,2008.0
45,,220.0,246.0,27.0,Vancouver Canucks,10.0,https://www.scrapethissite.com/pages/forms/?page_num=20,0.549,2008.0
50,,245.0,272.0,24.0,Washington Capitals,8.0,https://www.scrapethissite.com/pages/forms/?page_num=20,0.61,2008.0
45,,226.0,239.0,30.0,Carolina Hurricanes,7.0,https://www.scrapethissite.com/pages/forms/?page_num=19,0.549,2008.0
41,,230.0,226.0,31.0,Columbus Blue Jackets,10.0,https://www.scrapethissite.com/pages/forms/?page_num=19,0.5,2008.0
46,,216.0,264.0,24.0,Chicago Blackhawks,12.0,https://www.scrapethissite.com/pages/forms/?page_num=19,0.561,2008.0
32,,257.0,199.0,45.0,Colorado Avalanche,5.0,https://www.scrapethissite.com/pages/forms/?page_num=19,0.39,2008.0
36,,257.0,230.0,35.0,Dallas Stars,11.0,https://www.scrapethissite.com/pages/forms/?page_num=19,0.439,2008.0
39,,251.0,238.0,32.0,Anaheim Ducks,11.0,https://www.scrapethissite.com/pages/forms/?page_num=20,0.476,2009.0
35,,256.0,234.0,34.0,Atlanta Thrashers,13.0,https://www.scrapethissite.com/pages/forms/?page_num=20,0.427,2009.0
39,,200.0,206.0,30.0,Boston Bruins,13.0,https://www.scrapethissite.com/pages/forms/?page_num=20,0.476,2009.0
45,,207.0,235.0,27.0,Buffalo Sabres,10.0,https://www.scrapethissite.com/pages/forms/?page_num=20,0.549,2009.0
40,,210.0,204.0,32.0,Calgary Flames,10.0,https://www.scrapethissite.com/pages/forms/?page_num=20,0.488,2009.0
35,,256.0,230.0,37.0,Carolina Hurricanes,10.0,https://www.scrapethissite.com/pages/forms/?page_num=20,0.427,2009.0
51,,244.0,295.0,21.0,Detroit Red Wings,10.0,https://www.scrapethissite.com/pages/forms/?page_num=19,0.622,2008.0
38,,248.0,234.0,35.0,Edmonton Oilers,9.0,https://www.scrapethissite.com/pages/forms/?page_num=19,0.463,2008.0
41,,231.0,234.0,30.0,Florida Panthers,11.0,https://www.scrapethissite.com/pages/forms/?page_num=19,0.5,2008.0
32,,259.0,216.0,35.0,Columbus Blue Jackets,15.0,https://www.scrapethissite.com/pages/forms/?page_num=20,0.39,2009.0
52,,209.0,271.0,22.0,Chicago Blackhawks,8.0,https://www.scrapethissite.com/pages/forms/?page_num=20,0.634,2009.0
14,,313.0,170.0,57.0,Atlanta Thrashers,4.0,https://www.scrapethissite.com/pages/forms/?page_num=10,0.171,1999.0
24,,248.0,210.0,33.0,Boston Bruins,6.0,https://www.scrapethissite.com/pages/forms/?page_num=10,0.293,1999.0
35,,204.0,213.0,32.0,Buffalo Sabres,4.0,https://www.scrapethissite.com/pages/forms/?page_num=10,0.427,1999.0
31,,256.0,211.0,36.0,Calgary Flames,5.0,https://www.scrapethissite.com/pages/forms/?page_num=10,0.378,1999.0
37,,216.0,217.0,35.0,Carolina Hurricanes,0.0,https://www.scrapethissite.com/pages/forms/?page_num=10,0.451,1999.0
40,,198.0,236.0,22.0,Colorado Avalanche,7.0,https://www.scrapethissite.com/pages/forms/?page_num=15,0.488,2003.0
41,,175.0,194.0,26.0,Dallas Stars,2.0,https://www.scrapethissite.com/pages/forms/?page_num=15,0.5,2003.0
48,,189.0,255.0,21.0,Detroit Red Wings,2.0,https://www.scrapethissite.com/pages/forms/?page_num=15,0.585,2003.0
36,,208.0,221.0,29.0,Edmonton Oilers,5.0,https://www.scrapethissite.com/pages/forms/?page_num=15,0.439,2003.0
33,,245.0,242.0,37.0,Chicago Blackhawks,2.0,https://www.scrapethissite.com/pages/forms/?page_num=10,0.402,1999.0
42,,201.0,233.0,28.0,Colorado Avalanche,1.0,https://www.scrapethissite.com/pages/forms/?page_num=10,0.512,1999.0
43,,184.0,211.0,23.0,Dallas Stars,6.0,https://www.scrapethissite.com/pages/forms/?page_num=10,0.524,1999.0
48,,210.0,278.0,22.0,Detroit Red Wings,2.0,https://www.scrapethissite.com/pages/forms/?page_num=10,0.585,1999.0
32,,212.0,226.0,26.0,Edmonton Oilers,8.0,https://www.scrapethissite.com/pages/forms/?page_num=10,0.39,1999.0
43,,209.0,244.0,27.0,Florida Panthers,6.0,https://www.scrapethissite.com/pages/forms/?page_num=10,0.524,1999.0
39,,228.0,245.0,27.0,Los Angeles Kings,4.0,https://www.scrapethissite.com/pages/forms/?page_num=10,0.476,1999.0
28,,221.0,188.0,35.0,Florida Panthers,4.0,https://www.scrapethissite.com/pages/forms/?page_num=15,0.341,2003.0
28,,217.0,205.0,29.0,Los Angeles Kings,9.0,https://www.scrapethissite.com/pages/forms/?page_num=15,0.341,2003.0
30,,183.0,188.0,29.0,Minnesota Wild,3.0,https://www.scrapethissite.com/pages/forms/?page_num=15,0.366,2003.0
41,,192.0,208.0,30.0,Montreal Canadiens,4.0,https://www.scrapethissite.com/pages/forms/?page_num=15,0.5,2003.0
38,,217.0,216.0,29.0,Nashville Predators,4.0,https://www.scrapethissite.com/pages/forms/?page_num=15,0.463,2003.0
35,,194.0,196.0,34.0,Montreal Canadiens,4.0,https://www.scrapethissite.com/pages/forms/?page_num=10,0.427,1999.0
28,,240.0,199.0,40.0,Nashville Predators,7.0,https://www.scrapethissite.com/pages/forms/?page_num=10,0.341,1999.0
45,,203.0,251.0,24.0,New Jersey Devils,5.0,https://www.scrapethissite.com/pages/forms/?page_num=10,0.549,1999.0
24,,275.0,194.0,48.0,New York Islanders,1.0,https://www.scrapethissite.com/pages/forms/?page_num=10,0.293,1999.0
29,,246.0,218.0,38.0,New York Rangers,3.0,https://www.scrapethissite.com/pages/forms/?page_num=10,0.354,1999.0
41,,210.0,244.0,28.0,Ottawa Senators,2.0,https://www.scrapethissite.com/pages/forms/?page_num=10,0.5,1999.0
45,,179.0,237.0,22.0,Philadelphia Flyers,3.0,https://www.scrapethissite.com/pages/forms/?page_num=10,0.549,1999.0
39,,228.0,232.0,31.0,Phoenix Coyotes,4.0,https://www.scrapethissite.com/pages/forms/?page_num=10,0.476,1999.0
33,,221.0,203.0,37.0,Los Angeles Kings,6.0,https://www.scrapethissite.com/pages/forms/?page_num=14,0.402,2002.0
42,,178.0,198.0,29.0,Minnesota Wild,1.0,https://www.scrapethissite.com/pages/forms/?page_num=14,0.512,2002.0
30,,234.0,206.0,35.0,Montreal Canadiens,9.0,https://www.scrapethissite.com/pages/forms/?page_num=14,0.366,2002.0
27,,206.0,183.0,35.0,Nashville Predators,7.0,https://www.scrapethissite.com/pages/forms/?page_num=14,0.329,2002.0
30,,237.0,227.0,29.0,Vancouver Canucks,8.0,https://www.scrapethissite.com/pages/forms/?page_num=11,0.366,1999.0
44,,194.0,227.0,24.0,Washington Capitals,2.0,https://www.scrapethissite.com/pages/forms/?page_num=11,0.537,1999.0
25,,245.0,188.0,41.0,Mighty Ducks of Anaheim,5.0,https://www.scrapethissite.com/pages/forms/?page_num=11,0.305,2000.0
23,,289.0,211.0,45.0,Atlanta Thrashers,2.0,https://www.scrapethissite.com/pages/forms/?page_num=11,0.28,2000.0
42,,220.0,239.0,28.0,New York Islanders,4.0,https://www.scrapethissite.com/pages/forms/?page_num=13,0.512,2001.0
36,,258.0,227.0,38.0,New York Rangers,4.0,https://www.scrapethissite.com/pages/forms/?page_num=13,0.439,2001.0
39,,208.0,243.0,27.0,Ottawa Senators,7.0,https://www.scrapethissite.com/pages/forms/?page_num=13,0.476,2001.0
42,,192.0,234.0,27.0,Philadelphia Flyers,3.0,https://www.scrapethissite.com/pages/forms/?page_num=13,0.512,2001.0
40,,210.0,228.0,27.0,Phoenix Coyotes,6.0,https://www.scrapethissite.com/pages/forms/?page_num=13,0.488,2001.0
28,,249.0,198.0,41.0,Pittsburgh Penguins,5.0,https://www.scrapethissite.com/pages/forms/?page_num=13,0.341,2001.0
44,,199.0,248.0,27.0,San Jose Sharks,3.0,https://www.scrapethissite.com/pages/forms/?page_num=13,0.537,2001.0
43,,188.0,227.0,27.0,St. Louis Blues,4.0,https://www.scrapethissite.com/pages/forms/?page_num=13,0.524,2001.0
27,,219.0,178.0,40.0,Tampa Bay Lightning,4.0,https://www.scrapethissite.com/pages/forms/?page_num=13,0.329,2001.0
43,,164.0,213.0,25.0,New Jersey Devils,2.0,https://www.scrapethissite.com/pages/forms/?page_num=15,0.524,2003.0
38,,210.0,237.0,29.0,New York Islanders,4.0,https://www.scrapethissite.com/pages/forms/?page_num=15,0.463,2003.0
27,,250.0,206.0,40.0,New York Rangers,8.0,https://www.scrapethissite.com/pages/forms/?page_num=15,0.329,2003.0
43,,189.0,262.0,23.0,Ottawa Senators,6.0,https://www.scrapethissite.com/pages/forms/?page_num=15,0.524,2003.0
40,,186.0,229.0,21.0,Philadelphia Flyers,6.0,https://www.scrapethissite.com/pages/forms/?page_num=15,0.488,2003.0
22,,245.0,188.0,36.0,Phoenix Coyotes,6.0,https://www.scrapethissite.com/pages/forms/?page_num=15,0.268,2003.0
23,,303.0,190.0,47.0,Pittsburgh Penguins,4.0,https://www.scrapethissite.com/pages/forms/?page_num=15,0.28,2003.0
43,,183.0,219.0,21.0,San Jose Sharks,6.0,https://www.scrapethissite.com/pages/forms/?page_num=15,0.524,2003.0
39,,198.0,191.0,30.0,St. Louis Blues,2.0,https://www.scrapethissite.com/pages/forms/?page_num=15,0.476,2003.0
37,,236.0,241.0,31.0,Pittsburgh Penguins,6.0,https://www.scrapethissite.com/pages/forms/?page_num=10,0.451,1999.0
35,,214.0,225.0,30.0,San Jose Sharks,7.0,https://www.scrapethissite.com/pages/forms/?page_num=10,0.427,1999.0
51,,165.0,248.0,19.0,St. Louis Blues,1.0,https://www.scrapethissite.com/pages/forms/?page_num=10,0.622,1999.0
46,,166.0,216.0,20.0,New Jersey Devils,6.0,https://www.scrapethissite.com/pages/forms/?page_num=14,0.561,2002.0
35,,231.0,224.0,34.0,New York Islanders,2.0,https://www.scrapethissite.com/pages/forms/?page_num=14,0.427,2002.0
32,,231.0,210.0,36.0,New York Rangers,4.0,https://www.scrapethissite.com/pages/forms/?page_num=14,0.39,2002.0
52,,182.0,263.0,21.0,Ottawa Senators,1.0,https://www.scrapethissite.com/pages/forms/?page_num=14,0.634,2002.0
45,,166.0,211.0,20.0,Philadelphia Flyers,4.0,https://www.scrapethissite.com/pages/forms/?page_num=14,0.549,2002.0
31,,230.0,204.0,35.0,Phoenix Coyotes,5.0,https://www.scrapethissite.com/pages/forms/?page_num=14,0.378,2002.0
27,,255.0,189.0,44.0,Pittsburgh Penguins,5.0,https://www.scrapethissite.com/pages/forms/?page_num=14,0.329,2002.0
28,,239.0,214.0,37.0,San Jose Sharks,8.0,https://www.scrapethissite.com/pages/forms/?page_num=14,0.341,2002.0
36,,249.0,227.0,30.0,Boston Bruins,8.0,https://www.scrapethissite.com/pages/forms/?page_num=11,0.439,2000.0
46,,184.0,218.0,30.0,Buffalo Sabres,1.0,https://www.scrapethissite.com/pages/forms/?page_num=11,0.561,2000.0
27,,236.0,197.0,36.0,Calgary Flames,4.0,https://www.scrapethissite.com/pages/forms/?page_num=11,0.329,2000.0
38,,225.0,212.0,32.0,Carolina Hurricanes,3.0,https://www.scrapethissite.com/pages/forms/?page_num=11,0.463,2000.0
28,,233.0,190.0,39.0,Columbus Blue Jackets,6.0,https://www.scrapethissite.com/pages/forms/?page_num=11,0.341,2000.0
43,,207.0,249.0,25.0,Toronto Maple Leafs,4.0,https://www.scrapethissite.com/pages/forms/?page_num=13,0.524,2001.0
42,,211.0,254.0,30.0,Vancouver Canucks,3.0,https://www.scrapethissite.com/pages/forms/?page_num=13,0.512,2001.0
36,,240.0,228.0,33.0,Washington Capitals,2.0,https://www.scrapethissite.com/pages/forms/?page_num=13,0.439,2001.0
40,,193.0,203.0,27.0,Mighty Ducks of Anaheim,6.0,https://www.scrapethissite.com/pages/forms/?page_num=13,0.488,2002.0
31,,284.0,226.0,39.0,Atlanta Thrashers,5.0,https://www.scrapethissite.com/pages/forms/?page_num=13,0.378,2002.0
46,,192.0,245.0,22.0,Tampa Bay Lightning,6.0,https://www.scrapethissite.com/pages/forms/?page_num=15,0.561,2003.0
45,,204.0,242.0,24.0,Toronto Maple Leafs,3.0,https://www.scrapethissite.com/pages/forms/?page_num=15,0.549,2003.0
43,,194.0,235.0,24.0,Vancouver Canucks,5.0,https://www.scrapethissite.com/pages/forms/?page_num=15,0.524,2003.0
23,,253.0,186.0,46.0,Washington Capitals,3.0,https://www.scrapethissite.com/pages/forms/?page_num=15,0.28,2003.0
42,,256.0,281.0,28.0,Pittsburgh Penguins,3.0,https://www.scrapethissite.com/pages/forms/?page_num=12,0.512,2000.0
40,,192.0,217.0,27.0,San Jose Sharks,3.0,https://www.scrapethissite.com/pages/forms/?page_num=12,0.488,2000.0
43,,195.0,249.0,22.0,St. Louis Blues,5.0,https://www.scrapethissite.com/pages/forms/?page_num=12,0.524,2000.0
24,,280.0,201.0,47.0,Tampa Bay Lightning,5.0,https://www.scrapethissite.com/pages/forms/?page_num=12,0.293,2000.0
19,,310.0,204.0,47.0,Tampa Bay Lightning,7.0,https://www.scrapethissite.com/pages/forms/?page_num=10,0.232,1999.0
45,,222.0,246.0,27.0,Toronto Maple Leafs,3.0,https://www.scrapethissite.com/pages/forms/?page_num=10,0.549,1999.0
41,,222.0,253.0,24.0,St. Louis Blues,6.0,https://www.scrapethissite.com/pages/forms/?page_num=14,0.5,2002.0
36,,210.0,219.0,25.0,Tampa Bay Lightning,5.0,https://www.scrapethissite.com/pages/forms/?page_num=14,0.439,2002.0
29,,246.0,210.0,40.0,Chicago Blackhawks,5.0,https://www.scrapethissite.com/pages/forms/?page_num=11,0.354,2000.0
52,,192.0,270.0,16.0,Colorado Avalanche,4.0,https://www.scrapethissite.com/pages/forms/?page_num=11,0.634,2000.0
48,,187.0,241.0,24.0,Dallas Stars,2.0,https://www.scrapethissite.com/pages/forms/?page_num=11,0.585,2000.0
49,,202.0,253.0,20.0,Detroit Red Wings,4.0,https://www.scrapethissite.com/pages/forms/?page_num=11,0.598,2000.0
36,,237.0,245.0,31.0,Boston Bruins,4.0,https://www.scrapethissite.com/pages/forms/?page_num=13,0.439,2002.0
27,,219.0,190.0,37.0,Buffalo Sabres,8.0,https://www.scrapethissite.com/pages/forms/?page_num=13,0.329,2002.0
29,,228.0,186.0,36.0,Calgary Flames,4.0,https://www.scrapethissite.com/pages/forms/?page_num=13,0.354,2002.0
22,,240.0,171.0,43.0,Carolina Hurricanes,6.0,https://www.scrapethissite.com/pages/forms/?page_num=13,0.268,2002.0
29,,263.0,213.0,42.0,Columbus Blue Jackets,3.0,https://www.scrapethissite.com/pages/forms/?page_num=13,0.354,2002.0
43,,229.0,254.0,27.0,Mighty Ducks of Anaheim,12.0,https://www.scrapethissite.com/pages/forms/?page_num=15,0.524,2005.0
41,,275.0,281.0,33.0,Atlanta Thrashers,8.0,https://www.scrapethissite.com/pages/forms/?page_num=15,0.5,2005.0
29,,266.0,230.0,37.0,Boston Bruins,16.0,https://www.scrapethissite.com/pages/forms/?page_num=15,0.354,2005.0
37,,207.0,232.0,29.0,Toronto Maple Leafs,5.0,https://www.scrapethissite.com/pages/forms/?page_num=12,0.451,2000.0
44,,208.0,236.0,28.0,Toronto Maple Leafs,3.0,https://www.scrapethissite.com/pages/forms/?page_num=14,0.537,2002.0
45,,208.0,264.0,23.0,Vancouver Canucks,1.0,https://www.scrapethissite.com/pages/forms/?page_num=14,0.549,2002.0
39,,220.0,224.0,29.0,Washington Capitals,6.0,https://www.scrapethissite.com/pages/forms/?page_num=14,0.476,2002.0
29,,213.0,184.0,35.0,Mighty Ducks of Anaheim,8.0,https://www.scrapethissite.com/pages/forms/?page_num=14,0.354,2003.0
33,,243.0,214.0,37.0,Atlanta Thrashers,4.0,https://www.scrapethissite.com/pages/forms/?page_num=14,0.402,2003.0
39,,222.0,243.0,28.0,Edmonton Oilers,3.0,https://www.scrapethissite.com/pages/forms/?page_num=11,0.476,2000.0
22,,246.0,200.0,38.0,Florida Panthers,9.0,https://www.scrapethissite.com/pages/forms/?page_num=11,0.268,2000.0
38,,228.0,252.0,28.0,Los Angeles Kings,3.0,https://www.scrapethissite.com/pages/forms/?page_num=11,0.463,2000.0
25,,210.0,168.0,39.0,Minnesota Wild,5.0,https://www.scrapethissite.com/pages/forms/?page_num=11,0.305,2000.0
28,,232.0,206.0,40.0,Montreal Canadiens,6.0,https://www.scrapethissite.com/pages/forms/?page_num=11,0.341,2000.0
34,,200.0,186.0,36.0,Nashville Predators,3.0,https://www.scrapethissite.com/pages/forms/?page_num=11,0.415,2000.0
48,,195.0,295.0,19.0,New Jersey Devils,3.0,https://www.scrapethissite.com/pages/forms/?page_num=11,0.585,2000.0
21,,268.0,185.0,51.0,New York Islanders,3.0,https://www.scrapethissite.com/pages/forms/?page_num=11,0.256,2000.0
33,,290.0,250.0,43.0,New York Rangers,1.0,https://www.scrapethissite.com/pages/forms/?page_num=11,0.402,2000.0
30,,226.0,207.0,33.0,Chicago Blackhawks,6.0,https://www.scrapethissite.com/pages/forms/?page_num=13,0.366,2002.0
42,,194.0,251.0,19.0,Colorado Avalanche,8.0,https://www.scrapethissite.com/pages/forms/?page_num=13,0.512,2002.0
46,,169.0,245.0,17.0,Dallas Stars,4.0,https://www.scrapethissite.com/pages/forms/?page_num=13,0.561,2002.0
48,,203.0,269.0,20.0,Detroit Red Wings,4.0,https://www.scrapethissite.com/pages/forms/?page_num=13,0.585,2002.0
36,,230.0,231.0,26.0,Edmonton Oilers,9.0,https://www.scrapethissite.com/pages/forms/?page_num=13,0.439,2002.0
24,,237.0,176.0,36.0,Florida Panthers,9.0,https://www.scrapethissite.com/pages/forms/?page_num=13,0.293,2002.0
36,,238.0,239.0,28.0,Vancouver Canucks,7.0,https://www.scrapethissite.com/pages/forms/?page_num=12,0.439,2000.0
41,,211.0,233.0,27.0,Washington Capitals,4.0,https://www.scrapethissite.com/pages/forms/?page_num=12,0.5,2000.0
29,,198.0,175.0,42.0,Mighty Ducks of Anaheim,3.0,https://www.scrapethissite.com/pages/forms/?page_num=12,0.354,2001.0
19,,288.0,187.0,47.0,Atlanta Thrashers,5.0,https://www.scrapethissite.com/pages/forms/?page_num=12,0.232,2001.0
43,,201.0,236.0,24.0,Boston Bruins,9.0,https://www.scrapethissite.com/pages/forms/?page_num=12,0.524,2001.0
35,,200.0,213.0,35.0,Buffalo Sabres,1.0,https://www.scrapethissite.com/pages/forms/?page_num=12,0.427,2001.0
32,,220.0,201.0,35.0,Calgary Flames,3.0,https://www.scrapethissite.com/pages/forms/?page_num=12,0.39,2001.0
35,,217.0,217.0,26.0,Carolina Hurricanes,5.0,https://www.scrapethissite.com/pages/forms/?page_num=12,0.427,2001.0
22,,255.0,164.0,47.0,Columbus Blue Jackets,5.0,https://www.scrapethissite.com/pages/forms/?page_num=12,0.268,2001.0
41,,207.0,216.0,27.0,Chicago Blackhawks,1.0,https://www.scrapethissite.com/pages/forms/?page_num=12,0.5,2001.0
41,,188.0,209.0,19.0,Boston Bruins,7.0,https://www.scrapethissite.com/pages/forms/?page_num=14,0.5,2003.0
37,,221.0,220.0,34.0,Buffalo Sabres,4.0,https://www.scrapethissite.com/pages/forms/?page_num=14,0.451,2003.0
42,,176.0,200.0,30.0,Calgary Flames,3.0,https://www.scrapethissite.com/pages/forms/?page_num=14,0.512,2003.0
28,,209.0,172.0,34.0,Carolina Hurricanes,6.0,https://www.scrapethissite.com/pages/forms/?page_num=14,0.341,2003.0
25,,238.0,177.0,45.0,Columbus Blue Jackets,4.0,https://www.scrapethissite.com/pages/forms/?page_num=14,0.305,2003.0
48,,205.0,274.0,21.0,Ottawa Senators,4.0,https://www.scrapethissite.com/pages/forms/?page_num=11,0.585,2000.0
43,,207.0,240.0,25.0,Philadelphia Flyers,3.0,https://www.scrapethissite.com/pages/forms/?page_num=11,0.524,2000.0
35,,212.0,214.0,27.0,Phoenix Coyotes,3.0,https://www.scrapethissite.com/pages/forms/?page_num=11,0.427,2000.0
45,,169.0,212.0,28.0,Colorado Avalanche,1.0,https://www.scrapethissite.com/pages/forms/?page_num=12,0.549,2001.0
36,,213.0,215.0,28.0,Dallas Stars,5.0,https://www.scrapethissite.com/pages/forms/?page_num=12,0.439,2001.0
51,,187.0,251.0,17.0,Detroit Red Wings,4.0,https://www.scrapethissite.com/pages/forms/?page_num=12,0.622,2001.0
38,,182.0,205.0,28.0,Edmonton Oilers,4.0,https://www.scrapethissite.com/pages/forms/?page_num=12,0.463,2001.0
20,,259.0,188.0,43.0,Chicago Blackhawks,8.0,https://www.scrapethissite.com/pages/forms/?page_num=14,0.244,2003.0
22,,250.0,180.0,44.0,Florida Panthers,6.0,https://www.scrapethissite.com/pages/forms/?page_num=12,0.268,2001.0
40,,190.0,214.0,27.0,Los Angeles Kings,4.0,https://www.scrapethissite.com/pages/forms/?page_num=12,0.488,2001.0
26,,238.0,195.0,35.0,Minnesota Wild,9.0,https://www.scrapethissite.com/pages/forms/?page_num=12,0.317,2001.0
36,,209.0,207.0,31.0,Montreal Canadiens,3.0,https://www.scrapethissite.com/pages/forms/?page_num=12,0.439,2001.0
28,,230.0,196.0,41.0,Nashville Predators,0.0,https://www.scrapethissite.com/pages/forms/?page_num=12,0.341,2001.0
41,,187.0,205.0,28.0,New Jersey Devils,4.0,https://www.scrapethissite.com/pages/forms/?page_num=12,0.5,2001.0
34,,227.0,217.0,33.0,Mighty Ducks of Anaheim,3.0,https://www.scrapethissite.com/pages/forms/?page_num=9,0.415,1999.0
